﻿pos_x,pos_y,rotation,side,designator,mpn,pack,value,mount_type,place
38.18,-2.074,-90.0,top,C1,,C_0805_2012Metric,100n,smt,True
25.0,0.008,0.0,top,C10,,C_0805_2012Metric,100n,smt,True
6.3815,-2.0,180.0,top,C11,,C_0603_1608Metric,22p,smt,True
0.25,-4.77,0.0,top,C12,,C_1206_3216Metric,33u,smt,True
11.628,18.598,-90.0,top,C13,,C_1206_3216Metric,2u2,smt,True
-0.818,3.358,180.0,top,C14,,C_1206_3216Metric,2u2,smt,True
6.802,5.136,0.0,top,C2,,C_1206_3216Metric,10u,smt,True
20.264,-14.93,-90.0,top,C3,,C_0805_2012Metric,100n,smt,True
37.536,-15.184,-90.0,top,C4,,C_1206_3216Metric,10u,smt,True
34.526,-6.8875,180.0,top,C5,,C_0603_1608Metric,12p,smt,True
34.526,-9.8875,180.0,top,C6,,C_0603_1608Metric,12p,smt,True
-0.818,6.152,180.0,top,C7,,C_0805_2012Metric,100n,smt,True
25.09,-14.5,180.0,top,C8,,C_1206_3216Metric,10u,smt,True
6.3815,-8.326,0.0,top,C9,,C_0805_2012Metric,10n,smt,True
15.454,16.82,180.0,top,D1,,SOT95P230X117-3N,CDSOT23-SM712,smt,True
40.076,-22.0,0.0,top,D2,,D_1206_3216Metric,GREEN,smt,True
-2.596,-9.85,90.0,top,D3,,D_1206_3216Metric,RED,smt,True
32.592,18.868,-90.0,top,D4,,SOT95P230X117-3N,CDSOT23-SM712,smt,True
41.482,18.868,-90.0,top,D6,,SOT95P230X117-3N,CDSOT23-SM712,smt,True
8.5,-15.0,-90.0,top,F1,,D_1206_3216Metric,2A,smt,True
50.0,30.0,0.0,top,H1,,MountingHole_3.2mm_M3,MountingHole,tht,True
50.0,-40.0,0.0,top,H2,,MountingHole_3.2mm_M3,MountingHole,tht,True
0.0,-40.0,0.0,top,H3,,MountingHole_3.2mm_M3,MountingHole,tht,True
0.0,30.0,0.0,top,H4,,MountingHole_3.2mm_M3,MountingHole,tht,True
36.3,26.71,0.0,top,J1,,KMDGX6SBS,KMDGX-6S-BS,tht,True
16.75,-40.0,0.0,top,J2,,F31S1A7L111040,F31S-1A7L1-11040,smt,True
10.7,26.71,0.0,top,J3,,KMDGX8SBS,KMDGX-8S-BS,tht,True
45.865,-28.0,90.0,top,J4,,Tag-Connect_TC2050-IDC-NL_2x05_P1.27mm_Vertical,TC2050-IDC-NL,tht,True
4.425,-22.5,-90.0,top,J5,,87520-0010BLF,87520-0010BLF,tht,True
2.992,14.256,-90.0,top,L1,,L_Bourns_5050,120u,smt,True
31.948,-33.218,180.0,top,Q1,,SOT-23,MMBT3904,smt,True
33.0675,-42.235,180.0,top,R1,,R_0805_2012Metric,68,smt,True
18.74,-35.758,0.0,top,R10,,R_0603_1608Metric,1k69,smt,True
36.075,-34.234,180.0,top,R11,,R_0603_1608Metric,1k,smt,True
6.3815,-6.04,180.0,top,R12,,R_0603_1608Metric,10k,smt,True
18.803,16.82,90.0,top,R13,,R_0603_1608Metric,120,smt,True
17.978,19.614,0.0,top,R14,,R_0603_1608Metric,10,smt,True
17.978,14.026,0.0,top,R15,,R_0603_1608Metric,10,smt,True
6.3815,0.032,0.0,top,R16,,R_0603_1608Metric,220k,smt,True
6.3815,-4.008,180.0,top,R17,,R_0603_1608Metric,30k,smt,True
-2.596,-14.5,90.0,top,R18,,R_0805_2012Metric,150,smt,True
8.0,-26.0,-90.0,top,R19,,R_0603_1608Metric,150,smt,True
33.0675,-39.568,180.0,top,R2,,R_0805_2012Metric,68,smt,True
40.076,-24.5,180.0,top,R20,,R_0805_2012Metric,68,smt,True
35.894,18.754,90.0,top,R21,,R_0603_1608Metric,10,smt,True
29.29,18.754,-90.0,top,R22,,R_0603_1608Metric,10,smt,True
44.784,18.754,90.0,top,R23,,R_0603_1608Metric,10,smt,True
38.18,18.754,-90.0,top,R24,,R_0603_1608Metric,10,smt,True
33.0675,-36.901,180.0,top,R3,,R_0805_2012Metric,68,smt,True
35.758,-0.19,90.0,top,R4,,R_0603_1608Metric,10k,smt,True
6.802,2.215,180.0,top,R5,,R_0603_1608Metric,61.9k,smt,True
21.818,-33.675606,90.0,top,R6,,R_0805_2012Metric,68,smt,True
24.5,-33.672106,90.0,top,R7,,R_0805_2012Metric,68,smt,True
27.152,-33.672106,90.0,top,R8,,R_0805_2012Metric,68,smt,True
15.946,-34.933,90.0,top,R9,,R_0603_1608Metric,1k69,smt,True
30.849,2.604,180.0,top,U1,,SOIC127P600X175-8N,SN65HVD08DR,smt,True
23.472,-9.31,0.0,top,U2,,SOT-223-3_TabPin2,LD1117S33TR_SOT223,smt,True
47.426,-12.144,-90.0,top,U3,,Raytac_MDBT50Q,MDBT50Q-P1MV2,smt,True
-0.3255,-0.58,-90.0,top,U4,,TPSM863252RDX,PTPSM863252RDXR,smt,True
37.526,-8.3875,90.0,top,X1,,R_1206_3216Metric,32.768kHz,smt,True
