﻿designator,quantity,value,pack,mpn,mount_type
"C1, C10, C3, C7",4,100n,C_0805_2012Metric,,smt
C11,1,22p,C_0603_1608Metric,,smt
C12,1,33u,C_1206_3216Metric,,smt
"C13, C14",2,2u2,C_1206_3216Metric,,smt
"C2, C4, C8",3,10u,C_1206_3216Metric,,smt
"C5, C6",2,12p,C_0603_1608Metric,,smt
C9,1,10n,C_0805_2012Metric,,smt
"D1, D4, D6",3,CDSOT23-SM712,SOT95P230X117-3N,,smt
D2,1,GREEN,D_1206_3216Metric,,smt
D3,1,RED,D_1206_3216Metric,,smt
F1,1,2A,D_1206_3216Metric,,smt
"H1, H2, H3, H4",4,MountingHole,MountingHole_3.2mm_M3,,tht
J1,1,KMDGX-6S-BS,KMDGX6SBS,,tht
J2,1,F31S-1A7L1-11040,F31S1A7L111040,,smt
J3,1,KMDGX-8S-BS,KMDGX8SBS,,tht
J4,1,TC2050-IDC-NL,Tag-Connect_TC2050-IDC-NL_2x05_P1.27mm_Vertical,,tht
J5,1,87520-0010BLF,87520-0010BLF,,tht
L1,1,120u,L_Bourns_5050,,smt
Q1,1,MMBT3904,SOT-23,,smt
"R1, R2, R20, R3, R6, R7, R8",7,68,R_0805_2012Metric,,smt
"R10, R9",2,1k69,R_0603_1608Metric,,smt
R11,1,1k,R_0603_1608Metric,,smt
"R12, R4",2,10k,R_0603_1608Metric,,smt
R13,1,120,R_0603_1608Metric,,smt
"R14, R15, R21, R22, R23, R24",6,10,R_0603_1608Metric,,smt
R16,1,220k,R_0603_1608Metric,,smt
R17,1,30k,R_0603_1608Metric,,smt
R18,1,150,R_0805_2012Metric,,smt
R19,1,150,R_0603_1608Metric,,smt
R5,1,61.9k,R_0603_1608Metric,,smt
U1,1,SN65HVD08DR,SOIC127P600X175-8N,,smt
U2,1,LD1117S33TR_SOT223,SOT-223-3_TabPin2,,smt
U3,1,MDBT50Q-P1MV2,Raytac_MDBT50Q,,smt
U4,1,PTPSM863252RDXR,TPSM863252RDX,,smt
X1,1,32.768kHz,R_1206_3216Metric,,smt
